URL_ID,URL,POSITIVE SCORE,NEGATIVE SCORE,POLARITY SCORE,SUBJECTIVITY SCORE,AVG SENTENCE LENGTH,PERCENTAGE OF COMPLEX WORDS,FOG INDEX,AVG NUMBER OF WORDS PER SENTENCE,COMPLEX WORD COUNT,WORD COUNT,SYLLABLE PER WORD,PERSONAL PRONOUNS,AVG WORD LENGTH
https://insights.blackcoffer.com/rising-it-cities-and-its-impact-on-the-economy-environment-infrastructure-and-city-life-by-the-year-2040-2/,https://insights.blackcoffer.com/rising-it-cities-and-its-impact-on-the-economy-environment-infrastructure-and-city-life-by-the-year-2040-2/,43,-6,1.3243243243243243,0.027407407387105624,15.51724120095125,0.14814814803840876,6.266155739595864,15.517241379310345,200,1350,1.6111111111111112,5,4.823703703703703
https://insights.blackcoffer.com/rising-it-cities-and-their-impact-on-the-economy-environment-infrastructure-and-city-life-in-future/,https://insights.blackcoffer.com/rising-it-cities-and-their-impact-on-the-economy-environment-infrastructure-and-city-life-in-future/,54,-25,2.7241379310344827,0.018034825859431076,17.86666646814815,0.23756218890698866,7.241691462822056,17.866666666666667,382,1608,1.88681592039801,2,5.612562189054726
https://insights.blackcoffer.com/internet-demands-evolution-communication-impact-and-2035s-alternative-pathways/,https://insights.blackcoffer.com/internet-demands-evolution-communication-impact-and-2035s-alternative-pathways/,35,-19,3.375,0.013311148075448295,18.781249706542972,0.29118136415043144,7.628972428277362,18.78125,350,1202,2.1073211314475873,12,6.194675540765391
https://insights.blackcoffer.com/rise-of-cybercrime-and-its-effect-in-upcoming-future/,https://insights.blackcoffer.com/rise-of-cybercrime-and-its-effect-in-upcoming-future/,32,-58,90000000.0,-0.021648626126853764,20.706896194708687,0.28809325538043856,8.39799578003565,20.70689655172414,346,1201,2.0141548709408825,4,6.065778517901749
https://insights.blackcoffer.com/ott-platform-and-its-impact-on-the-entertainment-industry-in-future/,https://insights.blackcoffer.com/ott-platform-and-its-impact-on-the-entertainment-industry-in-future/,20,-9,2.6363636363636362,0.013064133001111481,15.309090630743807,0.22090261256424867,6.211997297323222,15.309090909090909,186,842,1.8562945368171022,4,5.709026128266033
https://insights.blackcoffer.com/the-rise-of-the-ott-platform-and-its-impact-on-the-entertainment-industry-by-2040/,https://insights.blackcoffer.com/the-rise-of-the-ott-platform-and-its-impact-on-the-entertainment-industry-by-2040/,74,-21,1.7924528301886793,0.02656641602678375,19.36893185078707,0.25914786954428676,7.851231888132543,19.368932038834952,517,1995,2.01453634085213,6,6.033583959899749
https://insights.blackcoffer.com/rise-of-cyber-crime-and-its-effects/,https://insights.blackcoffer.com/rise-of-cyber-crime-and-its-effects/,30,-51,81000000.0,-0.014583333323206018,17.34939738133256,0.21319444429639273,7.025036730251582,17.349397590361445,307,1440,1.804861111111111,0,5.447222222222222
https://insights.blackcoffer.com/rise-of-internet-demand-and-its-impact-on-communications-and-alternatives-by-the-year-2035-2/,https://insights.blackcoffer.com/rise-of-internet-demand-and-its-impact-on-communications-and-alternatives-by-the-year-2035-2/,28,-7,1.6666666666666667,0.023702031575957076,17.038461210798825,0.308126410487442,6.938635048514508,17.03846153846154,273,886,2.125282167042889,3,6.355530474040632
https://insights.blackcoffer.com/rise-of-cybercrime-and-its-effect-by-the-year-2040-2/,https://insights.blackcoffer.com/rise-of-cybercrime-and-its-effect-by-the-year-2040-2/,33,-36,69000000.0,-0.0027548209341094385,17.564515845733617,0.307621670975554,7.148855006683668,17.56451612903226,335,1089,2.108356290174472,2,6.292929292929293
https://insights.blackcoffer.com/rise-of-cybercrime-and-its-effect-by-the-year-2040/,https://insights.blackcoffer.com/rise-of-cybercrime-and-its-effect-by-the-year-2040/,130,-133,263000000.0,-0.0007853403139305392,15.34136540023548,0.2243455496794907,6.226284379965989,15.34136546184739,857,3820,1.830628272251309,13,5.521989528795811
https://insights.blackcoffer.com/rise-of-internet-demand-and-its-impact-on-communications-and-alternatives-by-the-year-2035/,https://insights.blackcoffer.com/rise-of-internet-demand-and-its-impact-on-communications-and-alternatives-by-the-year-2035/,58,-13,1.5777777777777777,0.02888318355013916,20.499999730263163,0.26957637980129884,8.307830444025786,20.5,420,1558,1.9685494223363287,2,5.924903722721438
https://insights.blackcoffer.com/rise-of-telemedicine-and-its-impact-on-livelihood-by-2040-3-2/,https://insights.blackcoffer.com/rise-of-telemedicine-and-its-impact-on-livelihood-by-2040-3-2/,73,-21,1.8076923076923077,0.028713417985249352,18.479591648167432,0.22749861942159103,7.4828361070356095,18.479591836734695,412,1811,1.8884594146880176,2,5.673660960795141
https://insights.blackcoffer.com/rise-of-e-health-and-its-impact-on-humans-by-the-year-2030/,https://insights.blackcoffer.com/rise-of-e-health-and-its-impact-on-humans-by-the-year-2030/,42,-11,1.7096774193548387,0.042758620630677764,24.999999137931063,0.24689655138359096,10.098758275725864,25.0,179,725,1.889655172413793,3,5.660689655172414
https://insights.blackcoffer.com/rise-of-e-health-and-its-imapct-on-humans-by-the-year-2030-2/,https://insights.blackcoffer.com/rise-of-e-health-and-its-imapct-on-humans-by-the-year-2030-2/,23,-20,14.333333333333334,0.0022573363414166016,17.959459216764067,0.22121896145882694,7.272271271289158,17.95945945945946,294,1329,1.7878103837471784,3,5.505643340857787
https://insights.blackcoffer.com/rise-of-telemedicine-and-its-impact-on-livelihood-by-2040-2/,https://insights.blackcoffer.com/rise-of-telemedicine-and-its-impact-on-livelihood-by-2040-2/,40,-24,4.0,0.011799410020796893,20.23880566807753,0.23008849540553944,8.187557665393227,20.238805970149254,312,1356,1.8628318584070795,5,5.642330383480826
https://insights.blackcoffer.com/rise-of-telemedicine-and-its-impact-on-livelihood-by-2040-2-2/,https://insights.blackcoffer.com/rise-of-telemedicine-and-its-impact-on-livelihood-by-2040-2-2/,40,-24,4.0,0.011782032391913083,21.555555213403885,0.23122238569129425,8.714711039638072,21.555555555555557,314,1358,1.862297496318115,5,5.650957290132548
https://insights.blackcoffer.com/rise-of-chatbots-and-its-impact-on-customer-support-by-the-year-2040/,https://insights.blackcoffer.com/rise-of-chatbots-and-its-impact-on-customer-support-by-the-year-2040/,49,-12,1.6486486486486487,0.028771384114485703,16.487179275805396,0.22472783808341534,6.684762845555524,16.487179487179485,289,1286,1.8289269051321928,2,5.615085536547434
https://insights.blackcoffer.com/rise-of-e-health-and-its-imapct-on-humans-by-the-year-2030/,https://insights.blackcoffer.com/rise-of-e-health-and-its-imapct-on-humans-by-the-year-2030/,38,-6,1.375,0.02662229615089659,22.259258847050763,0.24542429264107793,9.001873255876736,22.25925925925926,295,1202,1.8860232945091515,1,5.728785357737105
https://insights.blackcoffer.com/how-does-marketing-influence-businesses-and-consumers/,https://insights.blackcoffer.com/how-does-marketing-influence-businesses-and-consumers/,56,-5,1.196078431372549,0.027156549506306416,17.388888727880662,0.23109691148503891,7.047994255746281,17.38888888888889,434,1878,1.7902023429179978,4,5.468583599574015
https://insights.blackcoffer.com/how-advertisement-increase-your-market-value/,https://insights.blackcoffer.com/how-advertisement-increase-your-market-value/,8,0,1.0,0.010443864216130725,22.529411102076146,0.19973890313350012,9.09166000208386,22.529411764705884,153,766,1.727154046997389,1,5.438642297650131
https://insights.blackcoffer.com/negative-effects-of-marketing-on-society/,https://insights.blackcoffer.com/negative-effects-of-marketing-on-society/,23,-35,58000000.0,-0.010327022366327862,19.366666343888895,0.2564543887638086,7.849248293061082,19.366666666666667,298,1162,1.9044750430292599,4,5.716006884681583
https://insights.blackcoffer.com/how-advertisement-marketing-affects-business/,https://insights.blackcoffer.com/how-advertisement-marketing-affects-business/,13,-8,4.2,0.009090909074380165,14.864864463111772,0.18545454511735537,6.020127603291652,14.864864864864865,102,550,1.7236363636363636,4,5.212727272727273
https://insights.blackcoffer.com/rising-it-cities-will-impact-the-economy-environment-infrastructure-and-city-life-by-the-year-2035/,https://insights.blackcoffer.com/rising-it-cities-will-impact-the-economy-environment-infrastructure-and-city-life-by-the-year-2035/,42,-10,1.625,0.021262458457632916,20.337837563002196,0.18006644506307876,8.20716160322611,20.33783783783784,271,1505,1.721594684385382,5,5.1641196013289035
https://insights.blackcoffer.com/rise-of-ott-platform-and-its-impact-on-entertainment-industry-by-the-year-2030/,https://insights.blackcoffer.com/rise-of-ott-platform-and-its-impact-on-entertainment-industry-by-the-year-2030/,22,-2,1.2,0.029455080958092666,24.2499991339286,0.23416789361683668,9.793666811018175,24.25,159,679,1.776141384388807,1,5.512518409425626
https://insights.blackcoffer.com/rise-of-electric-vehicles-and-its-impact-on-livelihood-by-2040/,https://insights.blackcoffer.com/rise-of-electric-vehicles-and-its-impact-on-livelihood-by-2040/,18,-9,3.0,0.007438016522778498,26.88888829135804,0.1495867767358787,10.81539002723757,26.88888888888889,181,1210,1.5454545454545454,2,4.841322314049587
https://insights.blackcoffer.com/rise-of-electric-vehicle-and-its-impact-on-livelihood-by-the-year-2040/,https://insights.blackcoffer.com/rise-of-electric-vehicle-and-its-impact-on-livelihood-by-the-year-2040/,26,-13,3.0,0.01263362486624526,18.05263126223454,0.21477162272616945,7.306961153984284,18.05263157894737,221,1029,1.7638483965014577,1,5.4353741496598635
https://insights.blackcoffer.com/oil-prices-by-the-year-2040-and-how-it-will-impact-the-world-economy/,https://insights.blackcoffer.com/oil-prices-by-the-year-2040-and-how-it-will-impact-the-world-economy/,34,-19,3.533333333333333,0.010211027903191948,22.95312464135743,0.14771953699951018,9.240337671342777,22.953125,217,1469,1.5922396187882915,19,4.845473110959837
https://insights.blackcoffer.com/an-outlook-of-healthcare-by-the-year-2040-and-how-it-will-impact-human-lives/,https://insights.blackcoffer.com/an-outlook-of-healthcare-by-the-year-2040-and-how-it-will-impact-human-lives/,32,-24,7.0,0.006344171287593837,20.015872698160752,0.1982553527373074,8.085651220359223,20.015873015873016,250,1261,1.7335448057097542,4,5.454401268834259
https://insights.blackcoffer.com/ai-in-healthcare-to-improve-patient-outcomes/,https://insights.blackcoffer.com/ai-in-healthcare-to-improve-patient-outcomes/,69,-26,2.2093023255813953,0.021140609625791243,24.804877746281978,0.2369714846425902,10.016739692369828,24.804878048780488,482,2034,1.9115044247787611,0,5.800884955752212
https://insights.blackcoffer.com/what-if-the-creation-is-taking-over-the-creator/,https://insights.blackcoffer.com/what-if-the-creation-is-taking-over-the-creator/,54,-28,3.1538461538461537,0.016795865622224893,17.793103243757436,0.1621447027376326,7.182099178598027,17.79310344827586,251,1548,1.6518087855297157,3,5.0381136950904395
https://insights.blackcoffer.com/what-jobs-will-robots-take-from-humans-in-the-future/,https://insights.blackcoffer.com/what-jobs-will-robots-take-from-humans-in-the-future/,66,-29,2.5675675675675675,0.020054200531135935,20.73033684572655,0.20758807576824492,8.37516996859792,20.730337078651687,383,1845,1.8563685636856369,0,5.542005420054201
https://insights.blackcoffer.com/will-machine-replace-the-human-in-the-future-of-work/,https://insights.blackcoffer.com/will-machine-replace-the-human-in-the-future-of-work/,54,-15,1.7692307692307692,0.02169076750740224,17.123809360725627,0.16184649601677056,6.91426234269696,17.123809523809523,291,1798,1.656840934371524,15,4.976084538375973
https://insights.blackcoffer.com/will-ai-replace-us-or-work-with-us/,https://insights.blackcoffer.com/will-ai-replace-us-or-work-with-us/,51,-22,2.5172413793103448,0.015433741343569056,19.989361489474877,0.18041511432654864,8.067910641520571,19.98936170212766,339,1879,1.7275146354443853,5,5.252794039382651
https://insights.blackcoffer.com/man-and-machines-together-machines-are-more-diligent-than-humans-blackcoffe/,https://insights.blackcoffer.com/man-and-machines-together-machines-are-more-diligent-than-humans-blackcoffe/,41,-16,2.28,0.01733703188811579,19.48648622315559,0.17683772525878103,7.865329579365749,19.486486486486488,255,1442,1.705270457697642,10,5.214285714285714
https://insights.blackcoffer.com/in-future-or-in-upcoming-years-humans-and-machines-are-going-to-work-together-in-every-field-of-work/,https://insights.blackcoffer.com/in-future-or-in-upcoming-years-humans-and-machines-are-going-to-work-together-in-every-field-of-work/,21,-10,2.8181818181818183,0.012499999985795455,16.60377327162692,0.19090909069214876,6.7178729449276275,16.60377358490566,168,880,1.7352272727272726,5,5.3306818181818185
https://insights.blackcoffer.com/how-machine-learning-will-affect-your-business/,https://insights.blackcoffer.com/how-machine-learning-will-affect-your-business/,34,-9,1.72,0.028768699621670082,17.7346935156185,0.1415420021386168,7.150494207102847,17.73469387755102,123,869,1.6064441887226697,0,5.057537399309552
https://insights.blackcoffer.com/deep-learning-impact-on-areas-of-e-learning/,https://insights.blackcoffer.com/deep-learning-impact-on-areas-of-e-learning/,69,-32,2.72972972972973,0.01598962834226896,22.68627428738947,0.17718236811703442,9.145382662202602,22.686274509803923,410,2314,1.7091616248919619,4,5.077787381158168
https://insights.blackcoffer.com/how-to-protect-future-data-and-its-privacy-blackcoffer/,https://insights.blackcoffer.com/how-to-protect-future-data-and-its-privacy-blackcoffer/,52,-43,10.555555555555555,0.0042512990060220605,16.669291207328417,0.19130845527099272,6.744239865039764,16.669291338582678,405,2117,1.740670760510156,0,5.350495984884271
https://insights.blackcoffer.com/how-machines-ai-automations-and-robo-human-are-effective-in-finance-and-banking/,https://insights.blackcoffer.com/how-machines-ai-automations-and-robo-human-are-effective-in-finance-and-banking/,39,-15,2.25,0.0178438661577369,19.214285439795923,0.22527881024142837,7.7758257000149404,19.214285714285715,303,1345,1.8535315985130112,5,5.605204460966543
https://insights.blackcoffer.com/ai-human-robotics-machine-future-planet-blackcoffer-thinking-jobs-workplace/,https://insights.blackcoffer.com/ai-human-robotics-machine-future-planet-blackcoffer-thinking-jobs-workplace/,29,-20,5.444444444444445,0.006612784712260995,14.79347810007089,0.17854518723104687,5.9888093149207755,14.793478260869565,243,1361,1.6980161645848642,3,5.197648787656135
https://insights.blackcoffer.com/how-ai-will-change-the-world-blackcoffer/,https://insights.blackcoffer.com/how-ai-will-change-the-world-blackcoffer/,61,-23,2.210526315789474,0.020708446855199757,20.164834943243573,0.14386920973086145,8.123481661189775,20.164835164835164,264,1835,1.6435967302452317,10,5.0
https://insights.blackcoffer.com/future-of-work-how-ai-has-entered-the-workplace/,https://insights.blackcoffer.com/future-of-work-how-ai-has-entered-the-workplace/,59,-18,1.8780487804878048,0.021831735877618882,20.413043256379964,0.19062832790701364,8.241468633714792,20.41304347826087,358,1878,1.7401490947816827,8,5.308839190628328
https://insights.blackcoffer.com/ai-tool-alexa-google-assistant-finance-banking-tool-future/,https://insights.blackcoffer.com/ai-tool-alexa-google-assistant-finance-banking-tool-future/,21,0,1.0,0.03271028032288118,19.454544865013794,0.22585669746751294,7.872160624992524,19.454545454545453,145,642,1.8457943925233644,0,5.574766355140187
https://insights.blackcoffer.com/ai-healthcare-revolution-ml-technology-algorithm-google-analytics-industrialrevolution/,https://insights.blackcoffer.com/ai-healthcare-revolution-ml-technology-algorithm-google-analytics-industrialrevolution/,102,-37,2.1384615384615384,0.03355704696254153,129.13332472444503,0.14919979341806927,51.71300980714524,129.13333333333333,289,1937,1.6205472379969024,12,4.893649974186887
https://insights.blackcoffer.com/all-you-need-to-know-about-online-marketing/,https://insights.blackcoffer.com/all-you-need-to-know-about-online-marketing/,28,0,1.0,0.025854108932729353,17.190475917611494,0.22160664799482302,6.964833026242527,17.19047619047619,240,1083,1.7756232686980609,0,5.358264081255771
https://insights.blackcoffer.com/evolution-of-advertising-industry/,https://insights.blackcoffer.com/evolution-of-advertising-industry/,12,-6,3.0,0.007177033484237998,18.999999568181828,0.2595693776799409,7.703827578344708,19.0,217,836,1.9043062200956937,0,5.679425837320574
https://insights.blackcoffer.com/how-data-analytics-can-help-your-business-respond-to-the-impact-of-covid-19/,https://insights.blackcoffer.com/how-data-analytics-can-help-your-business-respond-to-the-impact-of-covid-19/,5,-3,4.0,0.004608294920257385,19.72727183057855,0.22350230363248316,7.980309653684414,19.727272727272727,97,434,1.8456221198156681,2,5.700460829493087
https://insights.blackcoffer.com/environmental-impact-of-the-covid-19-pandemic-lesson-for-the-future/,https://insights.blackcoffer.com/environmental-impact-of-the-covid-19-pandemic-lesson-for-the-future/,33,-60,93000000.0,-0.01813297513893017,24.816666253055562,0.1739422429993672,9.996243398421973,24.816666666666666,259,1489,1.719946272666219,2,5.268636668905305
https://insights.blackcoffer.com/how-data-analytics-and-ai-are-used-to-halt-the-covid-19-pandemic/,https://insights.blackcoffer.com/how-data-analytics-and-ai-are-used-to-halt-the-covid-19-pandemic/,22,-9,2.3846153846153846,0.015312131901870281,24.257142164081653,0.18845700802301885,9.77823966884187,24.257142857142856,160,849,1.6972909305064783,2,5.208480565371024
https://insights.blackcoffer.com/difference-between-artificial-intelligence-machine-learning-statistics-and-data-mining/,https://insights.blackcoffer.com/difference-between-artificial-intelligence-machine-learning-statistics-and-data-mining/,63,-24,2.230769230769231,0.018904507988897475,16.909835926968558,0.16383906923711147,6.829469998482269,16.90983606557377,338,2063,1.6572952011633544,7,5.03247697527872
https://insights.blackcoffer.com/how-python-became-the-first-choice-for-data-science/,https://insights.blackcoffer.com/how-python-became-the-first-choice-for-data-science/,44,-2,1.0952380952380953,0.05166051654162298,15.941176158016155,0.20541205386788186,6.4586352847536155,15.941176470588236,167,813,1.7736777367773677,3,5.403444034440344
https://insights.blackcoffer.com/how-google-fit-measure-heart-and-respiratory-rates-using-a-phone/,https://insights.blackcoffer.com/how-google-fit-measure-heart-and-respiratory-rates-using-a-phone/,6,-1,1.4,0.009560229427227096,20.115383841716007,0.20458890974265984,8.127989100583468,20.115384615384617,107,523,1.7265774378585086,0,5.319311663479923
https://insights.blackcoffer.com/what-is-the-future-of-mobile-apps/,https://insights.blackcoffer.com/what-is-the-future-of-mobile-apps/,26,-6,1.6,0.015710919076425044,20.532257733350683,0.15868028267189294,8.27637520640903,20.532258064516128,202,1273,1.6292223095051062,1,5.026708562450904
https://insights.blackcoffer.com/impact-of-ai-in-health-and-medicine/,https://insights.blackcoffer.com/impact-of-ai-in-health-and-medicine/,21,-8,2.230769230769231,0.01717305149646889,20.459458906501112,0.2430647288730981,8.281009454149684,20.45945945945946,184,757,1.8639365918097754,1,5.575957727873184
https://insights.blackcoffer.com/telemedicine-what-patients-like-and-dislike-about-it/,https://insights.blackcoffer.com/telemedicine-what-patients-like-and-dislike-about-it/,19,-7,2.1666666666666665,0.023032629514332766,14.081080700511333,0.19385796507896744,5.70997546623612,14.08108108108108,101,521,1.761996161228407,1,5.389635316698657
https://insights.blackcoffer.com/how-we-forecast-future-technologies/,https://insights.blackcoffer.com/how-we-forecast-future-technologies/,7,-1,1.3333333333333333,0.021660649741297295,19.785712872449082,0.2599277968955675,8.01825626773786,19.785714285714285,72,277,1.9169675090252707,2,5.740072202166065
https://insights.blackcoffer.com/can-robots-tackle-late-life-loneliness/,https://insights.blackcoffer.com/can-robots-tackle-late-life-loneliness/,21,-22,43000000.0,-0.0010695187154336698,15.080644918054114,0.1550802137378821,6.094290052716799,15.080645161290322,145,935,1.6449197860962568,9,5.0
https://insights.blackcoffer.com/embedding-care-robots-into-society-socio-technical-considerations/,https://insights.blackcoffer.com/embedding-care-robots-into-society-socio-technical-considerations/,11,-2,1.4444444444444444,0.030100334347490522,24.916664590277954,0.17391304289661189,10.036231053269827,24.916666666666668,52,299,1.6622073578595318,1,5.157190635451505
https://insights.blackcoffer.com/management-challenges-for-future-digitalization-of-healthcare-services/,https://insights.blackcoffer.com/management-challenges-for-future-digitalization-of-healthcare-services/,47,-14,1.8484848484848484,0.025267993855078105,18.13888863695988,0.23813169966452394,7.350808134649762,18.13888888888889,311,1306,1.9211332312404288,0,5.784839203675345
https://insights.blackcoffer.com/are-we-any-closer-to-preventing-a-nuclear-holocaust/,https://insights.blackcoffer.com/are-we-any-closer-to-preventing-a-nuclear-holocaust/,12,-13,25000000.0,-0.0014947683086774764,17.153845714003957,0.21076233152352417,6.945843218210993,17.153846153846153,141,669,1.7144992526158445,7,5.170403587443946
https://insights.blackcoffer.com/will-technology-eliminate-the-need-for-animal-testing-in-drug-development/,https://insights.blackcoffer.com/will-technology-eliminate-the-need-for-animal-testing-in-drug-development/,21,-32,53000000.0,-0.009113504549201736,19.158729854623335,0.17149958560770537,7.732091776092417,19.158730158730158,207,1207,1.6586578293289147,4,4.986743993371997
https://insights.blackcoffer.com/will-we-ever-understand-the-nature-of-consciousness/,https://insights.blackcoffer.com/will-we-ever-understand-the-nature-of-consciousness/,28,-39,67000000.0,-0.005933117580402849,22.88888860631002,0.22599784238079942,9.245954579476328,22.88888888888889,419,1854,1.8640776699029127,11,5.5490830636461705
https://insights.blackcoffer.com/will-we-ever-colonize-outer-space/,https://insights.blackcoffer.com/will-we-ever-colonize-outer-space/,49,-22,2.6296296296296298,0.014331210183476002,24.46753214977231,0.14968152858297157,9.846885471342112,24.467532467532468,282,1884,1.6019108280254777,17,4.879511677282378
https://insights.blackcoffer.com/what-is-the-chance-homo-sapiens-will-survive-for-the-next-500-years/,https://insights.blackcoffer.com/what-is-the-chance-homo-sapiens-will-survive-for-the-next-500-years/,38,-20,3.2222222222222223,0.01129234629153554,16.778947191800555,0.16562107894252126,6.777827308297231,16.778947368421054,264,1594,1.6405269761606023,10,5.031367628607278
https://insights.blackcoffer.com/why-does-your-business-need-a-chatbot/,https://insights.blackcoffer.com/why-does-your-business-need-a-chatbot/,21,-2,1.2105263157894737,0.018811881169493186,13.289473509349033,0.1485148513381041,5.3751953442748555,13.289473684210526,150,1010,1.6306930693069306,0,4.852475247524753
https://insights.blackcoffer.com/how-you-lead-a-project-or-a-team-without-any-technical-expertise/,https://insights.blackcoffer.com/how-you-lead-a-project-or-a-team-without-any-technical-expertise/,46,-5,1.2439024390243902,0.026502908838718222,22.42028953014073,0.14932126687180267,9.027844318805014,22.420289855072465,231,1547,1.5552682611506141,3,4.762766645119586
https://insights.blackcoffer.com/can-you-be-great-leader-without-technical-expertise/,https://insights.blackcoffer.com/can-you-be-great-leader-without-technical-expertise/,21,-6,1.8,0.025167785192671502,23.839999046400038,0.19295301981048152,9.613180826484209,23.84,115,596,1.651006711409396,7,4.976510067114094
https://insights.blackcoffer.com/how-does-artificial-intelligence-affect-the-environment/,https://insights.blackcoffer.com/how-does-artificial-intelligence-affect-the-environment/,43,-10,1.606060606060606,0.01909722221117059,20.571428326530615,0.19791666655213155,8.3077379972331,20.571428571428573,342,1728,1.7679398148148149,5,5.333912037037037
https://insights.blackcoffer.com/how-to-overcome-your-fear-of-making-mistakes-2/,https://insights.blackcoffer.com/how-to-overcome-your-fear-of-making-mistakes-2/,28,-55,83000000.0,-0.024236983820254052,13.261904604024945,0.15888689393277655,5.368316599183089,13.261904761904763,177,1114,1.6508078994614004,4,5.024236983842011
https://insights.blackcoffer.com/is-perfection-the-greatest-enemy-of-productivity/,https://insights.blackcoffer.com/is-perfection-the-greatest-enemy-of-productivity/,54,-14,1.7,0.03039513675501889,14.46153830262046,0.13601823697870954,5.839022615839668,14.461538461538462,179,1316,1.560790273556231,3,4.807750759878419
https://insights.blackcoffer.com/global-financial-crisis-2008-causes-effects-and-its-solution/,https://insights.blackcoffer.com/global-financial-crisis-2008-causes-effects-and-its-solution/,22,-29,51000000.0,-0.0052513128242675814,19.602940888192048,0.13878469606992894,7.896690233704792,19.602941176470587,185,1333,1.5603900975243812,0,5.104276069017255
https://insights.blackcoffer.com/gender-diversity-and-equality-in-the-tech-industry/,https://insights.blackcoffer.com/gender-diversity-and-equality-in-the-tech-industry/,34,-19,3.533333333333333,0.009683666875607703,15.33663351151848,0.2059393155545905,6.2170291308292285,15.336633663366337,319,1549,1.8082633957391865,6,5.408650742414461
https://insights.blackcoffer.com/how-to-overcome-your-fear-of-making-mistakes/,https://insights.blackcoffer.com/how-to-overcome-your-fear-of-making-mistakes/,27,-62,89000000.0,-0.0301204819017896,13.999999831325304,0.1652323578612458,5.666092875674621,14.0,192,1162,1.6790017211703958,4,5.080895008605852
https://insights.blackcoffer.com/how-small-business-can-survive-the-coronavirus-crisis/,https://insights.blackcoffer.com/how-small-business-can-survive-the-coronavirus-crisis/,49,-29,3.9,0.011695906425908826,24.084506703035117,0.1543859648219965,9.695557067142847,24.08450704225352,264,1710,1.5935672514619883,5,4.9298245614035086
https://insights.blackcoffer.com/impacts-of-covid-19-on-vegetable-vendors-and-food-stalls/,https://insights.blackcoffer.com/impacts-of-covid-19-on-vegetable-vendors-and-food-stalls/,20,-11,3.4444444444444446,0.009803921557947798,22.390243356335528,0.1612200433973638,9.020585359893158,22.390243902439025,148,918,1.7080610021786493,1,5.3202614379084965
https://insights.blackcoffer.com/impacts-of-covid-19-on-vegetable-vendors/,https://insights.blackcoffer.com/impacts-of-covid-19-on-vegetable-vendors/,35,-20,3.6666666666666665,0.011278195480241957,29.555554898765447,0.1872180449720165,11.897109177494986,29.555555555555557,249,1330,1.7714285714285714,1,5.499248120300752
https://insights.blackcoffer.com/impact-of-covid-19-pandemic-on-tourism-aviation-industries/,https://insights.blackcoffer.com/impact-of-covid-19-pandemic-on-tourism-aviation-industries/,36,-41,77000000.0,-0.002688172041565499,22.68292655264724,0.1774193547433229,9.144138362956225,22.682926829268293,330,1860,1.678494623655914,2,5.202150537634409
https://insights.blackcoffer.com/impact-of-covid-19-pandemic-on-sports-events-around-the-world/,https://insights.blackcoffer.com/impact-of-covid-19-pandemic-on-sports-events-around-the-world/,20,-10,3.0,0.002781641167515538,13.98832679381974,0.15159944362959682,5.6559704949797345,13.988326848249027,545,3595,1.5126564673157163,0,5.028094575799722
https://insights.blackcoffer.com/changing-landscape-and-emerging-trends-in-the-indian-it-ites-industry/,https://insights.blackcoffer.com/changing-landscape-and-emerging-trends-in-the-indian-it-ites-industry/,35,-38,73000000.0,-0.001585623677808867,21.022221988641977,0.1723044396552302,8.477810571318884,21.022222222222222,326,1892,1.6881606765327695,2,5.144291754756871
https://insights.blackcoffer.com/online-gaming-adolescent-online-gaming-effects-demotivated-depression-musculoskeletal-and-psychosomatic-symptoms/,https://insights.blackcoffer.com/online-gaming-adolescent-online-gaming-effects-demotivated-depression-musculoskeletal-and-psychosomatic-symptoms/,26,-52,78000000.0,-0.015882712268856007,22.736110795331797,0.24862553436247675,9.19389453187771,22.73611111111111,407,1637,1.901038485033598,0,5.674404398289554
https://insights.blackcoffer.com/human-rights-outlook/,https://insights.blackcoffer.com/human-rights-outlook/,4,-3,7.0,0.0025773195809862897,32.333330638889116,0.20876288605988946,13.016837409979601,32.333333333333336,81,388,1.690721649484536,1,5.445876288659794
https://insights.blackcoffer.com/how-voice-search-makes-your-business-a-successful-business/,https://insights.blackcoffer.com/how-voice-search-makes-your-business-a-successful-business/,43,-5,1.263157894736842,0.031852472731054085,22.942307251109476,0.16429170145491054,9.242639581025754,22.942307692307693,196,1193,1.6186085498742666,0,5.238055322715843
https://insights.blackcoffer.com/how-the-covid-19-crisis-is-redefining-jobs-and-services/,https://insights.blackcoffer.com/how-the-covid-19-crisis-is-redefining-jobs-and-services/,37,-32,13.8,0.002545824845954264,15.711999874304002,0.1629327901410729,6.3499730657780304,15.712,320,1964,1.6644602851323829,3,5.0784114052953155
https://insights.blackcoffer.com/how-to-increase-social-media-engagement-for-marketers/,https://insights.blackcoffer.com/how-to-increase-social-media-engagement-for-marketers/,46,-15,1.967741935483871,0.016419491516726965,18.509803740099965,0.20497881345075272,7.485913021420288,18.50980392156863,387,1888,1.7044491525423728,4,5.231991525423729
https://insights.blackcoffer.com/impacts-of-covid-19-on-streets-sides-food-stalls/,https://insights.blackcoffer.com/impacts-of-covid-19-on-streets-sides-food-stalls/,28,-30,58000000.0,-0.0016460905336246167,22.49999958333334,0.17201646076377244,9.068806417638845,22.5,209,1215,1.6823045267489711,1,5.19917695473251
https://insights.blackcoffer.com/coronavirus-impact-on-energy-markets-2/,https://insights.blackcoffer.com/coronavirus-impact-on-energy-markets-2/,17,-38,55000000.0,-0.010863942053355436,22.218390549213904,0.19710294868230577,8.966197399158485,22.2183908045977,381,1933,1.735644076564925,1,5.365752715985515
https://insights.blackcoffer.com/coronavirus-impact-on-the-hospitality-industry-5/,https://insights.blackcoffer.com/coronavirus-impact-on-the-hospitality-industry-5/,14,-36,50000000.0,-0.020313942732858775,16.921874735595708,0.18190212356241722,6.84151074366325,16.921875,197,1083,1.7331486611265006,4,5.27331486611265
https://insights.blackcoffer.com/lessons-from-the-past-some-key-learnings-relevant-to-the-coronavirus-crisis-4/,https://insights.blackcoffer.com/lessons-from-the-past-some-key-learnings-relevant-to-the-coronavirus-crisis-4/,36,-36,72000000.0,0.0,16.774999790312503,0.1661698955542698,6.776467874346709,16.775,223,1342,1.669150521609538,22,5.001490312965723
https://insights.blackcoffer.com/estimating-the-impact-of-covid-19-on-the-world-of-work-2/,https://insights.blackcoffer.com/estimating-the-impact-of-covid-19-on-the-world-of-work-2/,27,-23,12.5,0.003265306119783423,23.557691854659772,0.17714285699825072,9.49393388466321,23.557692307692307,217,1225,1.6963265306122448,6,5.084081632653061
https://insights.blackcoffer.com/estimating-the-impact-of-covid-19-on-the-world-of-work-3/,https://insights.blackcoffer.com/estimating-the-impact-of-covid-19-on-the-world-of-work-3/,22,-31,53000000.0,-0.006036217299774502,20.42465725445675,0.19450033521495616,8.247663035868683,20.424657534246574,290,1491,1.7377598926894702,2,5.455399061032864
https://insights.blackcoffer.com/travel-and-tourism-outlook/,https://insights.blackcoffer.com/travel-and-tourism-outlook/,4,-3,7.0,0.003003002993984976,19.58823414186858,0.18318318263308353,7.908566929800665,19.58823529411765,61,333,1.6276276276276276,1,5.051051051051051
https://insights.blackcoffer.com/gaming-disorder-and-effects-of-gaming-on-health/,https://insights.blackcoffer.com/gaming-disorder-and-effects-of-gaming-on-health/,29,-40,69000000.0,-0.00860719874130892,18.521738862003787,0.15101721427932924,7.469102430513246,18.52173913043478,193,1278,1.625978090766823,9,4.992957746478873
https://insights.blackcoffer.com/what-is-the-repercussion-of-the-environment-due-to-the-covid-19-pandemic-situation/,https://insights.blackcoffer.com/what-is-the-repercussion-of-the-environment-due-to-the-covid-19-pandemic-situation/,10,-22,32000000.0,-0.015831134543758396,16.1276592313264,0.17810026361728198,6.522303797977473,16.127659574468087,135,758,1.6226912928759893,2,5.199208443271768
https://insights.blackcoffer.com/what-is-the-repercussion-of-the-environment-due-to-the-covid-19-pandemic-situation-2/,https://insights.blackcoffer.com/what-is-the-repercussion-of-the-environment-due-to-the-covid-19-pandemic-situation-2/,28,-48,76000000.0,-0.01607717040508266,21.0847454053433,0.19935691302302497,8.513640927346529,21.084745762711865,248,1244,1.779742765273312,2,5.402733118971061
https://insights.blackcoffer.com/impact-of-covid-19-pandemic-on-office-space-and-co-working-industries/,https://insights.blackcoffer.com/impact-of-covid-19-pandemic-on-office-space-and-co-working-industries/,29,-33,62000000.0,-0.0033112582754045872,26.260868994328938,0.14238410584239725,10.561301240068534,26.26086956521739,172,1208,1.6167218543046358,4,4.925496688741722
https://insights.blackcoffer.com/contribution-of-handicrafts-visual-arts-literature-in-the-indian-economy/,https://insights.blackcoffer.com/contribution-of-handicrafts-visual-arts-literature-in-the-indian-economy/,5,-2,2.3333333333333335,0.005671077494005525,16.531249483398454,0.25708884639491714,6.715335331917349,16.53125,136,529,1.8090737240075614,0,5.555765595463138
https://insights.blackcoffer.com/how-covid-19-is-impacting-payment-preferences/,https://insights.blackcoffer.com/how-covid-19-is-impacting-payment-preferences/,21,-2,1.2105263157894737,0.022946859875668045,21.78947311080334,0.165458936998238,8.78197281912063,21.789473684210527,137,828,1.6002415458937198,1,5.158212560386473
https://insights.blackcoffer.com/how-will-covid-19-affect-the-world-of-work-2/,https://insights.blackcoffer.com/how-will-covid-19-affect-the-world-of-work-2/,33,-43,76000000.0,-0.007905138333671827,33.28947280817177,0.20632411050883467,13.398318767472245,33.28947368421053,261,1265,1.7683794466403162,1,5.524901185770751
